[
        {
            "reason": "Applicant is Govt. employee",
            "rejectedBy": "bank"
        },
        {
            "reason": "Applicant Willing to Avail PMEGP Loan from other Bank/Branch",
            "rejectedBy": "bank"
        },
        {
            "reason": "CIBIL Report not Satisfactory",
            "rejectedBy": "bank"
        },
        {
            "reason": "Defaulter",
            "rejectedBy": "bank"
        },
        {
            "reason": "Existing Unit",
            "rejectedBy": "bank"
        },
        {
            "reason": "Inadequate Knowledge in Proposed Industry",
            "rejectedBy": "bank"
        },
        {
            "reason": "Govt. subsidy already availed by Spouse",
            "rejectedBy": "bank"
        },
        {
            "reason": "Unable to Complete Bank Formalities",
            "rejectedBy": "bank"
        },
        {
            "reason": "Unable to Deposit Own Contribution",
            "rejectedBy": "bank"
        },
        {
            "reason": "Wrong Project Report",
            "rejectedBy": "bank"
        },
        {
            "reason": "Beneficiary not reachable/responding",
            "rejectedBy": "bank"
        },
        {
            "reason": "Applicant request to return",
            "rejectedBy": "bank"
        },
        {
            "reason": "Unable to provide collateral security",
            "rejectedBy": "bank"
        },
        {
            "reason": "Applicant Not Intrested Due To High Intrest Rate",
            "rejectedBy": "bank"
        },
        {
            "reason": "Applicant Not Intrested Due To Delayed Loan Sanction",
            "rejectedBy": "bank"
        },
        {
            "reason": "Applicant Not Intrested Due To Alternative Finance Availed",
            "rejectedBy": "bank"
        },
        {
            "reason": "Applicant Not Intrested Due To Migrated To Other Scheme",
            "rejectedBy": "bank"
        },
        {
            "reason": "Applicant Not Intrested Due To Not Willing To Pay CGTMSE fees",
            "rejectedBy": "bank"
        },
        {
            "reason": "Applicant Not Intrested Due To Revision of Project",
            "rejectedBy": "bank"
        },
        {
            "reason": "Applicant Not Intrested Due To Change of Bank And Branch",
            "rejectedBy": "bank"
        },
        {
            "reason": "Project Not viable Due to Similar projects Exist in the Activity",
            "rejectedBy": "bank"
        },
        {
            "reason": "Project Not viable due to Non availability of Rawmaterial",
            "rejectedBy": "bank"
        },
        {
            "reason": "Project Not viable due to Non availability of Skilled Worker",
            "rejectedBy": "bank"
        },
        {
            "reason": "Project Not viable for Inadequate experiance/ Knowledge in the line of Activity",
            "rejectedBy": "bank"
        },
        {
            "reason": "Project Not viable technically not feasible",
            "rejectedBy": "bank"
        },
        {
            "reason": "Project Not viable economically not viable",
            "rejectedBy": "bank"
        },
        {
            "reason": "Project Not Viable for other Reason",
            "rejectedBy": "bank"
        },
        {
            "reason": "Applicant Not Intrested for any other reason",
            "rejectedBy": "bank"
        },
        {
            "reason": "Project Not viable/Feasible",
            "rejectedBy": "bank"
        },
        {
            "reason": "Incomplete/Invisible/Invalid Documents",
            "rejectedBy": "bank"
        },
        {
            "reason": "Applicant Not Interested",
            "rejectedBy": "bank"
        },
        {
            "reason": "PMEGP Target Achieved for the Current Year",
            "rejectedBy": "bank"
        },
        {
            "reason": "Out of Service Area",
            "rejectedBy": "bank"
        },
        {
            "reason": "Applicant Not Intrested Due To Employed Elsewhere",
            "rejectedBy": "bank"
        },
        {
            "reason": "Activity in Negative list as per PMEGP Scheme",
            "rejectedBy": "bank"
        },
        {
            "reason": "Other",
            "rejectedBy": "dic"
        },
        {
            "reason": "Other",
            "rejectedBy": "bank"
        }
]